﻿<?xml version="1.0" encoding="utf-8" standalone="yes"?>
<CPDEV version="1.0">
  <PROJECT name="BezNazwy0">
    <METRIC>
      <COMPANY><![CDATA[]]></COMPANY>
      <MANAGER><![CDATA[]]></MANAGER>
      <VERSION><![CDATA[]]></VERSION>
      <SUBJECT><![CDATA[]]></SUBJECT>
      <DESCRIPTION><![CDATA[]]></DESCRIPTION>
      <CREATED year="2025" month="4" day="29" hour="16" minutes="36" seconds="25" milisec="820" />
    </METRIC>
    <OPTIONS>
      <PV value="00000009" />
      <II value="00000038" />
      <CPVis used="0" />
      <LC year="2025" month="8" day="1" hour="23" minutes="5" seconds="47" milisec="268" />
      <GUID>20693e7d-9c18-455d-b5ab-b94a0171c721</GUID>
      <LCF>
        <ABSOLUTE>VM\VM-Gen32.xml</ABSOLUTE>
        <APPVARS>$VMsDir\VM-Gen32.xml</APPVARS>
        <ENVVARS>VM\VM-Gen32.xml</ENVVARS>
      </LCF>
      <CREATOR>1.2.5.4</CREATOR>
      <LASTSAVEDWITH>1.2.7.24</LASTSAVEDWITH>
      <DCP>
        <ABSOLUTE>C:\Users\marcin\Desktop\CPDev\Blink\blink.dcp</ABSOLUTE>
        <APPVARS>C:\Users\marcin\Desktop\CPDev\Blink\blink.dcp</APPVARS>
        <ENVVARS>%USERPROFILE%\Desktop\CPDev\Blink\blink.dcp</ENVVARS>
      </DCP>
      <XCP>
        <ABSOLUTE>C:\Users\marcin\Desktop\CPDev\Blink\blink.xcp</ABSOLUTE>
        <APPVARS>C:\Users\marcin\Desktop\CPDev\Blink\blink.xcp</APPVARS>
        <ENVVARS>%USERPROFILE%\Desktop\CPDev\Blink\blink.xcp</ENVVARS>
      </XCP>
      <HCP>
        <ABSOLUTE>C:\Users\marcin\Desktop\CPDev\Blink\blink.hcp</ABSOLUTE>
        <APPVARS>C:\Users\marcin\Desktop\CPDev\Blink\blink.hcp</APPVARS>
        <ENVVARS>%USERPROFILE%\Desktop\CPDev\Blink\blink.hcp</ENVVARS>
      </HCP>
      <CST>
        <ABSOLUTE>C:\Users\marcin\Desktop\CPDev\Blink\blink.cst</ABSOLUTE>
        <APPVARS>C:\Users\marcin\Desktop\CPDev\Blink\blink.cst</APPVARS>
        <ENVVARS>%USERPROFILE%\Desktop\CPDev\Blink\blink.cst</ENVVARS>
      </CST>
      <HCPFlags enabled="0" />
      <OverrideDefaultPaths enabled="0" />
      <COMPILER>
        <DEFINE><![CDATA[]]></DEFINE>
        <UNDEF><![CDATA[]]></UNDEF>
      </COMPILER>
    </OPTIONS>
    <LIBRARY>
      <PKG name="IEC_61131" version="131073" filename="C:\Program Files (x86)\CPDevEva\Biblioteki\IEC 61131-3.lcp">
        <CREATED year="2023" month="5" day="11" hour="11" minutes="51" seconds="51" milisec="445" />
        <APPVARS>C:\Program Files (x86)\CPDevEva\Biblioteki\IEC 61131-3.lcp</APPVARS>
        <ENVVARS>%ProgramFiles(x86)%\CPDevEva\Biblioteki\IEC 61131-3.lcp</ENVVARS>
        <IMP name="CTD" type="FBLK" />
        <IMP name="CTU" type="FBLK" />
        <IMP name="CTUD" type="FBLK" />
        <IMP name="F_TRIG" type="FBLK" />
        <IMP name="R_TRIG" type="FBLK" />
        <IMP name="RS" type="FBLK" />
        <IMP name="SEMA" type="FBLK" />
        <IMP name="SR" type="FBLK" />
        <IMP name="TOF" type="FBLK" />
        <IMP name="TON" type="FBLK" />
        <IMP name="TP" type="FBLK" />
      </PKG>
      <PKG name="Basic_blocks" version="196864" filename="C:\Program Files (x86)\CPDevEva\Biblioteki\Basic_blocks.lcp">
        <CREATED year="2023" month="5" day="11" hour="11" minutes="51" seconds="53" milisec="851" />
        <APPVARS>C:\Program Files (x86)\CPDevEva\Biblioteki\Basic_blocks.lcp</APPVARS>
        <ENVVARS>%ProgramFiles(x86)%\CPDevEva\Biblioteki\Basic_blocks.lcp</ENVVARS>
        <IMP name="RND" type="FUN" />
        <IMP name="AMEM" type="FBLK" />
        <IMP name="ASWI" type="FBLK" />
        <IMP name="BMEM" type="FBLK" />
        <IMP name="BSWI" type="FBLK" />
        <IMP name="COMP" type="FBLK" />
        <IMP name="DEBA" type="FBLK" />
        <IMP name="DELS" type="FBLK" />
        <IMP name="DFF" type="FBLK" />
        <IMP name="DIFR" type="FBLK" />
        <IMP name="DIVI" type="FBLK" />
        <IMP name="FILT" type="FBLK" />
        <IMP name="GENR" type="FBLK" />
        <IMP name="JKFF" type="FBLK" />
        <IMP name="LIMT" type="FBLK" />
        <IMP name="MAT" type="FBLK" />
        <IMP name="MIT" type="FBLK" />
        <IMP name="PDUR" type="FBLK" />
        <IMP name="RAND" type="FBLK" />
        <IMP name="RSFF" type="FBLK" />
        <IMP name="SQR" type="FBLK" />
        <IMP name="SRFF" type="FBLK" />
        <IMP name="TFF" type="FBLK" />
        <IMP name="TOTI" type="FBLK" />
      </PKG>
    </LIBRARY>
    <POU>
      <ITEM lang="ST" disabled="0" type="PRG" name="MAIN" editor="CPDev.ST" virtualFolder=""><![CDATA[PROGRAM MAIN
 VAR_EXTERNAL (*$AUTO*) END_VAR
 
 VAR

 END_VAR
 LED := NOT LED;

END_PROGRAM]]><EDITOR><![CDATA[]]></EDITOR></ITEM>
    </POU>
    <GLOBAL>
      <ITEM type="VAR" name="LED" flags="00004008" disabled="0" virtualFolder=""><![CDATA[VAR_GLOBAL 
 LED AT %0000  : BOOL;
END_VAR]]></ITEM>
    </GLOBAL>
    <TASK>
      <ITEM type="TSK" name="TASK" loop_kind="0" interval="200"><![CDATA[MAIN
]]></ITEM>
    </TASK>
    <USER_TYPES><![CDATA[]]></USER_TYPES>
    <BUILD_FLAGS>
      <SCANNER_FLAGS>688</SCANNER_FLAGS>
      <COMPILER_FLAGS>5384</COMPILER_FLAGS>
      <CODE_GENERATOR_FLAG>1</CODE_GENERATOR_FLAG>
      <DEBUG_CONTENTS_FLAG>141</DEBUG_CONTENTS_FLAG>
      <CODE_OPTIMIZATION_LEVEL>5</CODE_OPTIMIZATION_LEVEL>
    </BUILD_FLAGS>
    <CACHE>
      <TYPE_CRC pn="BezNazwy0.MAIN">014AB17E</TYPE_CRC>
    </CACHE>
  </PROJECT>
</CPDEV>